date,NAO,ENSO,v,Z_an,VPD_an,SKT_an,TP_an,SM_an,BA
1/1/2011,-1.53,3.8,-0.459823179,-334.2815,-0.46733236,-0.6781944,8.640915,0.007509184,0.7517674
1/9/2011,-1.53,3.8,-3.345142785,-198.63266,-0.28749278,-0.93360126,3.6325536,0.008579221,0.87514246
1/17/2011,-1.53,3.8,-4.457265872,-343.79736,0.14251903,-0.7926785,-3.935611,0.004611731,2.9141798
1/25/2011,-1.53,3.8,2.609441265,-84.52794,-0.013852958,-0.039448254,6.0493298,0.005513034,3.912096
2/2/2011,0.35,4.5,0.955220749,155.96407,-0.21152566,0.48035806,6.6734896,0.00416,29.250881
2/10/2011,0.35,4.5,3.359414719,-158.54321,-0.1071522,0.107955195,4.6201463,0.006068961,23.02432
2/18/2011,0.35,4.5,1.448409471,-292.0282,-0.7658294,-1.0906364,1.5403359,0.013612909,33.017334
2/26/2011,0.35,4.5,0.800878242,-363.98093,-0.96409655,-1.0345926,2.821263,0.01910165,76.42087
3/6/2011,0.24,4.2,4.763473554,152.90479,0.30459523,-0.40863052,1.6386114,0.021172376,48.68596
3/14/2011,0.24,4.2,-3.928909258,269.70337,-0.04623695,-0.6789278,5.4063587,0.018003806,48.443108
3/22/2011,0.24,4.2,2.142316145,-10.952617,-0.20028041,-0.7294739,6.6942835,0.009727554,30.352835
3/30/2011,0.24,4.2,-1.230599564,-116.72176,-0.32207617,-1.0107381,-2.5207012,0.005758723,40.39828
4/7/2011,2.55,3.1,-1.132485907,-31.943865,-0.9644112,-0.6505499,-1.5479438,0.000110838,22.615984
4/15/2011,2.55,3.1,3.310619683,-156.39955,-0.9429196,-0.3493066,3.20092,0.002088758,20.096125
4/23/2011,2.55,3.1,0.21808711,24.995268,-0.77309597,-0.47180575,8.903587,0.00474858,5.4960775
5/1/2011,-0.01,0.6,1.725994484,59.33138,-0.3503993,-0.025742142,3.0470865,0.002749706,11.667414
5/9/2011,-0.01,0.6,-0.298760408,-93.78223,0.7248301,0.1567859,-10.912258,0.000658346,4.380577
5/17/2011,-0.01,0.6,-0.119432989,393.7521,0.11111304,0.16211444,-9.389949,-0.005915375,0.47878924
5/25/2011,-0.01,0.6,1.236502933,53.294292,-1.1617736,0.06679353,9.510912,-0.00948133,1.2549522
6/2/2011,-0.98,0.4,-0.310564352,-97.74779,0.19666871,-0.26737648,6.199585,-0.012471793,1.3638377
6/10/2011,-0.98,0.4,-0.829421407,-138.47478,-0.2170598,-0.1427947,0.26677543,-0.017244829,0.5548646
6/18/2011,-0.98,0.4,-1.842897906,-23.357018,-0.20590854,-0.14313081,-10.187788,-0.015999444,0.16844614
6/26/2011,-0.98,0.4,-1.176314282,-24.800148,-0.5461092,-0.39676657,-1.0375885,-0.017488098,0.20080177
7/4/2011,-1.48,1.6,0.07521646,87.15442,-0.3145944,-0.19478475,-3.1890447,-0.015355166,0.14860205
7/12/2011,-1.48,1.6,-0.577630254,-37.770596,-0.34697518,-0.32491526,10.313625,-0.012291539,0.031097563
7/20/2011,-1.48,1.6,-0.313453969,-133.89279,-0.13541543,0.02387917,1.3194536,-0.009350116,0.35870585
7/28/2011,-1.48,1.6,0.169206854,-35.22842,0.2565519,-0.026772238,3.0467482,-0.005586248,0.5073825
8/5/2011,-1.85,0.7,-0.60669575,33.334976,0.14190145,-0.009042565,5.5142245,-0.001981341,0.64061373
8/13/2011,-1.85,0.7,1.254742893,-199.06361,-0.5887697,-0.2987174,9.706724,0.00330393,0.38362324
8/21/2011,-1.85,0.7,-0.319601833,127.776024,-0.13012676,0.076765366,9.890139,0.009299316,0.5503746
8/29/2011,-1.85,0.7,1.751722931,-36.48786,-0.87202704,0.038931187,18.385332,0.013606906,0.23901153
9/6/2011,0.67,1.7,-0.997666659,-17.7627,-0.75757945,-0.11402379,11.87463,0.0213924,0.23608176
9/14/2011,0.67,1.7,-0.303665421,-148.62892,-1.038517,-0.3759936,-0.15482613,0.020763066,4.5519824
9/22/2011,0.67,1.7,2.145905921,-112.28863,0.013795335,-0.23261954,-9.726879,0.022786384,75.30494
9/30/2011,0.67,1.7,-1.01594093,-3.001011,0.24021533,-0.3648914,-14.087655,0.019614577,7.481842
10/8/2011,0.94,1.2,2.033257841,-26.874113,-0.002348629,0.31665984,-8.036981,0.01252664,14.328937
10/16/2011,0.94,1.2,0.233235495,-39.481762,0.11055442,0.40980205,0.30606177,0.006842668,14.263296
10/24/2011,0.94,1.2,0.917457111,-71.57239,-0.4622142,-0.22378936,10.656375,0.003235662,21.369768
11/1/2011,1.3,1.8,-2.623882098,-325.88895,-0.5689384,-0.2589185,1.0934206,0.003366594,15.451594
11/9/2011,1.3,1.8,-0.419026266,44.239765,0.12832643,0.26708335,-7.9296036,0.00616804,4.2279587
11/17/2011,1.3,1.8,-3.113409633,-16.831837,0.4184242,0.49064696,-3.1081839,0.008607156,0.48726
11/25/2011,1.3,1.8,0.701671389,18.73694,-0.26059923,0.5229395,5.069598,0.010235664,0.5638773
12/3/2011,2.25,4.1,-3.399706596,-84.25412,-0.049881343,0.46365812,-8.054971,0.010626236,0.6355856
12/11/2011,2.25,4.1,-1.835985587,47.860134,0.09560017,-0.5432564,1.237782,0.006508953,0.8539343
12/19/2011,2.25,4.1,4.462948593,-204.53647,0.13329585,-0.54467314,7.2046323,0.001806153,1.2512778
12/27/2011,2.25,4.1,0.802955285,-57.80128,-0.091785476,0.25570852,1.8454043,-0.001708797,1.04193
1/1/2012,0.86,1.8,0.412248819,18.948046,-0.81376946,0.012180596,2.4139953,-0.00098741,3.3980901
1/9/2012,0.86,1.8,-0.791218148,-162.45636,-0.13498867,-0.70942223,2.552607,0.001772972,2.5971334
1/17/2012,0.86,1.8,1.888408198,-509.28635,0.031102788,-1.6014793,-1.8833522,0.007011512,4.445693
1/25/2012,0.86,1.8,5.965848022,-303.8526,0.27075505,-1.0974075,-2.6441793,0.010183187,41.811058
2/2/2012,0.03,0.8,-0.647124034,64.48581,-0.3630585,-0.8509842,1.6844292,0.009873219,47.966587
2/10/2012,0.03,0.8,-3.444415749,-165.32088,-0.67870796,-1.2542516,0.2884725,0.006254779,81.64934
2/18/2012,0.03,0.8,-3.399357215,46.490353,0.20749515,-0.9900532,-0.8380613,0.004609317,85.02568
2/26/2012,0.03,0.8,-1.184981461,-116.40561,-0.030456457,-0.8491242,0.3615382,0.003073289,81.33898
3/5/2012,0.93,1.2,0.683168799,-255.52942,0.2587997,-1.4477257,-1.2609783,0.001570266,59.708714
3/13/2012,0.93,1.2,-0.834605229,7.0406275,-0.06453503,-1.0508051,-1.9454067,-0.000710216,62.76677
3/21/2012,0.93,1.2,1.921546189,39.14182,0.69836605,-0.8326259,-4.5037646,-0.004827747,33.716087
3/29/2012,0.93,1.2,-2.128377832,221.02269,0.89367115,0.32801566,-3.3465612,-0.00463728,24.516611
4/6/2012,0.37,-0.4,-0.592898028,-46.658916,-0.58085,-0.16104493,1.347255,-0.00402063,19.58467
4/14/2012,0.37,-0.4,2.51677615,-115.493065,-1.1401552,-0.9208849,2.2378788,-0.003682673,34.001324
4/22/2012,0.37,-0.4,4.373939643,-313.59033,-1.8270394,-0.9145975,2.591848,-0.000273068,21.664183
4/30/2012,0.37,-0.4,-4.06981542,-363.8627,-0.1684694,-1.2392893,-3.8271723,0.004240579,19.766031
5/8/2012,-0.79,0.1,0.215273645,22.201765,-0.38337404,-0.61958915,-12.446745,0.000956316,19.452768
5/16/2012,-0.79,0.1,1.491960991,-193.895,1.080927,-0.15359996,-16.087713,-0.004433262,8.740287
5/24/2012,-0.79,0.1,1.360135548,-145.90033,2.0688174,0.41243768,-3.86637,-0.012533655,5.335723
6/1/2012,-2.25,-0.7,1.096469179,-42.351505,0.80104005,-0.03542208,-6.935467,-0.024039403,2.0520296
6/9/2012,-2.25,-0.7,1.080458707,-120.68424,1.1506466,0.14388588,-11.862222,-0.029778225,1.5707327
6/17/2012,-2.25,-0.7,0.792353048,-141.63263,0.3304599,-0.009240679,-3.5634484,-0.034968004,0.4962353
6/25/2012,-2.25,-0.7,-1.676975172,-128.68454,1.0234579,0.24135631,-3.4661849,-0.033836856,0.98413736
7/3/2012,-1.29,-0.1,-0.481210226,-156.31802,0.12395458,-0.004976868,-0.62642264,-0.032561015,1.4574938
7/11/2012,-1.29,-0.1,-1.381787035,125.76438,0.15249538,0.04881223,-5.8197393,-0.030857937,0.7136856
7/19/2012,-1.29,-0.1,-0.327481543,-106.0678,0.16619468,0.048905164,-8.208224,-0.026919574,1.1234752
7/27/2012,-1.29,-0.1,0.792908711,-120.4388,0.2261489,0.02820222,-6.1013327,-0.024234693,0.2038985
8/4/2012,-1.39,-0.3,-2.761963079,-140.39679,-0.34675768,-0.21466856,-1.0415899,-0.015815835,0.9867117
8/12/2012,-1.39,-0.3,0.708239488,-63.317036,0.32610142,0.32207596,-3.6881726,-0.011414351,0.6706871
8/20/2012,-1.39,-0.3,-0.779668046,22.289948,-0.18453059,-0.003076751,4.608265,-0.006371944,0.916764
8/28/2012,-1.39,-0.3,0.831974337,30.302313,-0.18320774,-0.06907921,12.780456,-0.002539073,0.48110798
9/5/2012,-0.43,0.4,0.152910321,27.009237,-0.9552246,-0.1260327,11.5336485,-0.00192016,0.26452848
9/13/2012,-0.43,0.4,-2.524861303,-9.376998,-0.91312706,-0.58606315,3.3183935,-0.000708857,2.0024433
9/21/2012,-0.43,0.4,1.79310675,-42.652184,0.27119902,-0.42078108,-8.121851,0.004014995,4.497101
9/29/2012,-0.43,0.4,2.418589826,97.42323,0.17064916,-0.4143206,-4.6429462,0.000985313,5.4876504
10/7/2012,-1.73,0.5,1.596560876,72.13856,0.43902254,-0.22399856,-6.0588017,0.001103925,67.676216
10/15/2012,-1.73,0.5,0.23784845,71.394844,-0.5230403,-0.7107648,-3.0707445,-0.003493009,27.591887
10/23/2012,-1.73,0.5,1.001252113,-70.591675,0.26118687,-0.3567799,0.98450744,-0.008736205,19.433422
10/31/2012,-1.73,0.5,1.910296793,-105.08872,-0.08473775,-0.22118872,-3.7290418,-0.01328449,21.425539
11/8/2012,-0.74,0.4,-0.280180968,-311.91632,0.2386124,-0.19160537,-2.575347,-0.008185153,4.8307185
11/16/2012,-0.74,0.4,0.747398003,180.37148,0.5340377,0.057865553,-6.363635,-0.007662594,2.5197058
11/24/2012,-0.74,0.4,0.141450878,-267.69672,0.12791093,-0.50813955,-0.28233987,-0.007507287,1.4859726
12/2/2012,0.07,-1,6.77809205,-30.761093,0.3808333,-0.14532243,-6.4248505,-0.005586138,2.3605356
12/10/2012,0.07,-1,2.007978221,-266.85178,-0.27673104,0.41711482,1.0289662,-0.010461938,0.7442189
12/18/2012,0.07,-1,1.877632734,-0.45329148,-0.18547536,-0.4073779,4.225658,-0.009280061,1.6817926
12/26/2012,0.07,-1,-7.255983706,-83.70126,-0.6474464,-0.77479213,4.2035084,-0.008331261,0.57608104
1/1/2013,-0.11,-0.1,-0.442837645,22.872011,-0.43848184,-0.900605,3.6700034,-0.008919829,2.645264
1/9/2013,-0.11,-0.1,-1.867424368,63.148537,0.28405377,-0.13860637,-3.3882663,-0.007702031,2.3226388
1/17/2013,-0.11,-0.1,8.234267489,53.61459,0.45658585,-0.4756098,1.8131331,-0.009595364,17.398481
1/25/2013,-0.11,-0.1,3.59535984,101.09773,0.5902949,0.3570094,-1.1551673,-0.01036887,9.698985
2/2/2013,-0.96,-0.4,-8.539691464,28.702784,-0.37666482,0.37823576,5.436221,-0.011805378,18.911083
2/10/2013,-0.96,-0.4,4.40902664,30.92884,-0.5634075,0.15297152,6.3775806,-0.00529205,30.158203
2/18/2013,-0.96,-0.4,1.252099029,-196.23227,-0.5698109,-0.5795316,1.5565408,-0.000191998,39.494938
2/26/2013,-0.96,-0.4,5.931891739,198.92438,1.056973,-0.2222381,-0.386276,0.005198674,39.81401
3/6/2013,-2.09,2.5,0.719055399,611.10016,0.5964956,0.77224636,0.2500255,0.005168126,35.879997
3/14/2013,-2.09,2.5,2.335055919,137.17943,0.18136036,0.4863848,-1.0209864,0.004128568,52.58902
3/22/2013,-2.09,2.5,2.208375663,-154.07518,-0.3039319,0.09754573,-1.1546913,-0.001253534,47.827866
3/30/2013,-2.09,2.5,0.631184555,-33.040237,-0.002170778,-0.15040383,-4.378732,-0.003788961,69.6338
4/7/2013,0.6,0.4,0.767925333,-125.97934,0.36606362,0.10914415,-2.9860616,-0.005025291,22.658163
4/15/2013,0.6,0.4,-0.228045116,-48.883087,-0.61165595,-0.42825544,-1.2411586,-0.005524974,16.796202
4/23/2013,0.6,0.4,0.300366868,86.38446,-1.1268266,-0.15490478,-3.5411046,-0.004755112,54.32696
5/1/2013,0.58,1.3,-1.257392754,-57.646183,0.18689907,-0.3241769,2.771364,-0.006378322,29.18116
5/9/2013,0.58,1.3,0.646611609,18.85802,-0.33533686,-0.3973384,7.1160502,-0.008362303,9.567495
5/17/2013,0.58,1.3,-0.058392435,117.83189,1.5257286,0.21288976,-3.7275794,-0.009651491,1.2382246
5/25/2013,0.58,1.3,1.564530586,7.427472,-0.29714945,-0.069212966,8.938266,-0.01832695,0.7083487
6/2/2013,0.83,2,0.122833919,-115.72977,-0.530189,0.25590116,5.1965866,-0.021150341,0.4648502
6/10/2013,0.83,2,-2.024164847,54.199215,-1.9377333,-0.615982,9.767513,-0.01777492,0.37764096
6/18/2013,0.83,2,-1.171958517,-252.237,-0.8571772,-0.6042881,3.1598723,-0.011964208,0.14069395
6/26/2013,0.83,2,-0.226378823,177.65585,-0.848754,-0.34283766,1.4901861,-0.011391588,1.5528718
7/4/2013,0.7,1.3,0.462754361,-6.83259,-1.0847083,-0.57311314,6.300674,-0.010239746,0.692145
7/12/2013,0.7,1.3,-0.659774165,41.519913,-0.34109572,-0.27591696,-0.23788127,-0.004554088,0.9913214
7/20/2013,0.7,1.3,-1.37325668,-70.518456,-0.33722052,-0.54484576,8.423276,-0.003628068,1.2650462
7/28/2013,0.7,1.3,-2.599803207,198.58449,0.17892236,-0.19161856,0.7772956,0.003748277,0.9517728
8/5/2013,1.12,0.3,-0.849218314,4.089436,-0.77423525,-0.39577192,-4.2468762,0.004370783,0.37173373
8/13/2013,1.12,0.3,-0.838775355,-180.25287,-0.8369876,-0.45039043,3.0260968,0.004965677,0.3728968
8/21/2013,1.12,0.3,0.210346594,-181.55489,-0.11315764,-0.17086689,-7.6787515,0.008763759,0.2697075
8/29/2013,1.12,0.3,1.914546279,150.57356,0.052691527,-0.3051886,-8.780633,0.012196399,0.43927777
9/6/2013,0.38,0.5,-1.555237029,-12.042384,0.41390342,-0.4915493,-3.9043672,0.014024864,1.0585995
9/14/2013,0.38,0.5,0.537595566,-93.56422,0.24172908,-0.03582981,4.8355193,0.010551056,0.69641864
9/22/2013,0.38,0.5,0.59017341,-102.75205,0.02356928,0.24326918,-2.8595524,0.00905317,12.5288105
9/30/2013,0.38,0.5,-1.904858709,-116.71924,-0.33928585,-0.036706902,1.3600093,0.008164192,62.798443
10/8/2013,-0.88,-0.1,-1.155608983,285.1144,-0.89633614,0.49652338,4.004479,0.009324249,13.30118
10/16/2013,-0.88,-0.1,0.684067986,27.44617,-0.6428631,-0.15417817,3.558278,0.010384181,16.313906
10/24/2013,-0.88,-0.1,-1.384799668,53.7664,-0.9373948,-0.54179716,-0.3419103,0.009572518,15.318225
11/1/2013,0.81,1.2,-1.482454318,-118.70542,-0.5282837,-0.87388235,-6.192164,0.008593517,20.550718
11/9/2013,0.81,1.2,1.145507458,-163.49252,0.026534531,-1.7107383,-4.6967177,0.007401079,7.900442
11/17/2013,0.81,1.2,3.278400964,50.820522,-0.29105562,-0.69524664,0.07740616,0.005983886,2.6809382
11/25/2013,0.81,1.2,2.790052679,-50.927635,-0.105733775,0.09170167,-1.7338167,0.005486916,1.3596765
12/3/2013,0.79,0.1,4.854443226,-97.957634,0.11662908,0.06398691,6.690069,0.005815403,0.5260702
12/11/2013,0.79,0.1,-4.249856944,-265.6582,0.587098,-0.25507548,-2.8195388,0.003030379,0.6219547
12/19/2013,0.79,0.1,-1.931993888,-314.17606,0.35285568,-0.8693344,-6.3883214,0.001942692,0.4173323
12/27/2013,0.79,0.1,6.770785856,-208.03612,0.1752076,-1.1152506,-0.4546128,-0.002559004,0.1691234
1/1/2014,-0.17,2.4,3.552244035,-105.6115,-0.29297027,-0.6880807,0.09067062,-0.00383847,1.207006
1/9/2014,-0.17,2.4,1.28316151,-231.68256,-0.3661929,-0.41198918,-0.6563957,-0.004919284,1.394983
1/17/2014,-0.17,2.4,-0.686085054,93.73137,-0.25502512,0.05473434,4.607273,-0.003017633,1.1857591
1/25/2014,-0.17,2.4,6.03463216,147.61421,-0.08451366,0.3641473,-3.0670075,0.001346931,11.236896
2/2/2014,1.07,0.1,10.42803613,61.25769,-0.3832021,-0.5673898,-1.6252444,0.003062529,23.179977
2/10/2014,1.07,0.1,4.647425801,-477.0635,-0.06544412,-1.7294021,-0.44783527,0.005391243,68.771645
2/18/2014,1.07,0.1,0.325599765,230.97629,-0.7554814,-1.3068885,-1.7156246,0.006194098,25.92824
2/26/2014,1.07,0.1,5.019356031,-151.76942,-1.1250719,-0.964116,0.7499691,0.004197836,58.3485
3/6/2014,0.44,-1.5,2.15530966,-174.08278,-0.64773303,-0.7992243,0.13163997,0.005893552,62.784885
3/14/2014,0.44,-1.5,-0.517179952,197.46138,-0.37029016,-0.23137785,1.6027678,0.008430171,69.9977
3/22/2014,0.44,-1.5,-1.545171207,-210.2723,-1.19242,-0.8692209,-1.8819901,0.009037099,62.901024
3/30/2014,0.44,-1.5,1.84478178,-24.55059,-0.58712006,-0.48544583,-0.7776836,0.00358674,50.182915
4/7/2014,0.19,1.3,0.069705293,135.6536,-0.06616136,-0.39295328,-4.7765517,0.005458046,32.63442
4/15/2014,0.19,1.3,-0.923561736,109.48875,-0.6668917,-0.45240846,-5.3551984,0.003158778,37.796524
4/23/2014,0.19,1.3,1.488630915,116.951805,0.40545297,0.0609832,-5.5583816,-0.001981963,11.9842
5/1/2014,-0.8,0.9,0.942875507,102.40216,-0.6437676,0.2871501,5.902016,-0.00708017,10.64028
5/9/2014,-0.8,0.9,1.89000071,-170.07936,-1.11616,-0.76064503,-3.1471252,-0.007548233,4.5680337
5/17/2014,-0.8,0.9,2.516873084,-11.491207,0.108159624,-0.21434471,-6.893594,-0.011128443,2.977147
5/25/2014,-0.8,0.9,1.24598952,116.47374,0.44502902,0.2218649,-7.5807943,-0.01566581,7.279407
6/2/2014,-0.67,0.3,2.912200874,144.02412,1.867542,0.86921376,-0.24253993,-0.018334229,5.154264
6/10/2014,-0.67,0.3,0.16599031,-47.151657,1.2794608,0.34751874,-7.440718,-0.029617885,0.5817323
6/18/2014,-0.67,0.3,-0.336302143,-36.464245,0.63231367,0.11016168,-8.805373,-0.034564104,0.43325645
6/26/2014,-0.67,0.3,0.003413552,162.12187,1.3025733,0.31629273,-15.155769,-0.038020052,0.07603544
7/4/2014,0.21,-0.3,0.606626154,-54.997353,0.7641009,0.30863738,-6.3297105,-0.039336324,0.3320452
7/12/2014,0.21,-0.3,0.356851094,43.88245,0.27101475,0.009948893,5.535343,-0.034990683,0.16642317
7/20/2014,0.21,-0.3,-1.490804054,-5.4833274,0.44077942,-0.09683498,-3.0903735,-0.027138367,0.4944144
7/28/2014,0.21,-0.3,-1.983870597,91.73236,-0.08345077,-0.028436866,0.7139542,-0.021044731,0.4123299
8/5/2014,-2.28,-1.2,1.151449319,-35.063805,0.35699803,-0.042892233,-0.94876164,-0.012696522,0.5104438
8/13/2014,-2.28,-1.2,-1.896221098,34.15744,0.34953463,-0.12673806,-5.006979,-0.00251676,0.25526193
8/21/2014,-2.28,-1.2,0.116559831,30.750492,0.9273675,-0.0466724,2.5302973,-0.003041724,0.11999431
8/29/2014,-2.28,-1.2,0.414126275,-49.622734,-0.2554035,-0.2308215,15.786468,0.000146472,0.025742587
9/6/2014,1.72,-1.2,-0.432818129,-116.855896,-0.37535664,-0.1276603,-3.4658194,0.004676262,0.06923583
9/14/2014,1.72,-1.2,-0.375024803,-56.62781,0.23740387,-0.05705132,-6.649102,0.008920292,2.3416104
9/22/2014,1.72,-1.2,-0.768884493,127.60541,0.74930924,0.023572084,-9.797157,0.010965901,0.86726713
9/30/2014,1.72,-1.2,-0.832319533,166.99136,0.67271364,0.496753,-3.4090092,0.007298249,1.8347601
10/8/2014,-0.87,-1,2.22113291,-84.205376,-0.20697919,-0.08696102,4.737203,-0.00226336,6.1039023
10/16/2014,-0.87,-1,1.282245307,117.95039,0.13926746,-0.14372808,0.93619514,-0.005260504,116.76986
10/24/2014,-0.87,-1,-0.352529358,-7.459948,-0.9138502,-0.16847926,7.2767496,-0.00324634,20.806585
11/1/2014,0.58,-1.5,2.939040788,-65.255104,-0.5331872,-0.22770615,5.605641,-0.001781774,22.122242
11/9/2014,0.58,-1.5,5.421010212,136.7431,-0.08649045,-0.72874767,-4.622857,0.002133658,9.219303
11/17/2014,0.58,-1.5,1.131541113,94.28079,0.13786928,-0.077443585,-2.2507944,0.003254746,1.3870063
11/25/2014,0.58,-1.5,-2.111439859,-36.910667,0.25717846,0.28257003,-3.7884643,0.003532714,0.8314983
12/3/2014,1.63,-0.9,3.51837855,141.24707,0.2830716,0.078406334,-4.576286,0.002338253,0.45668817
12/11/2014,1.63,-0.9,5.418123523,-146.09381,-0.3220744,-0.40596876,5.845882,-0.001029381,0.36571598
12/19/2014,1.63,-0.9,3.393215768,160.7492,-0.4272084,-0.14947182,12.39836,-0.00148423,0.29283795
12/27/2014,1.63,-0.9,0.846700814,266.212,-0.058856796,-0.3350396,8.157902,-0.000895074,0.6053668
1/1/2015,1.57,-1.4,3.966925485,3.4261005,0.042184982,0.6874988,-0.76822054,-0.001558992,3.7040417
1/9/2015,1.57,-1.4,-4.052885257,283.09482,0.25224525,-0.27418804,0.27524254,-0.000644249,8.203689
1/17/2015,1.57,-1.4,-5.63765523,196.04095,-0.4801776,-0.3761415,-0.18435244,0.000787398,1.5668871
1/25/2015,1.57,-1.4,8.167533755,131.94934,-0.2870902,-0.3348481,-0.29454416,0.003702803,25.423864
2/2/2015,1.05,0.4,3.183188639,70.22243,-0.184657,-0.10096933,-1.1646614,0.005916445,11.629884
2/10/2015,1.05,0.4,5.08454328,176.46501,0.24566177,0.5670434,-1.1379992,0.006430272,50.471947
2/18/2015,1.05,0.4,-5.367408629,-124.822754,-0.1871065,0.7749902,3.48656,0.007696684,82.207535
2/26/2015,1.05,0.4,2.710197253,-311.51926,-1.2730888,-0.55107176,6.168403,0.007101364,82.46977
3/6/2015,1.12,-1.2,2.63281372,-71.476654,-0.7143617,-1.0543779,-0.29537165,0.01258849,77.38117
3/14/2015,1.12,-1.2,4.057794317,84.09676,-1.2360115,-0.59790415,1.5965489,0.015371041,37.26584
3/22/2015,1.12,-1.2,-0.225215194,456.419,-0.16253212,0.43129918,0.009306565,0.014473372,17.899193
3/30/2015,1.12,-1.2,1.103289446,-39.957275,-2.0215616,-0.07929228,4.58612,0.01129424,19.624725
4/7/2015,0.64,-0.1,1.012418382,6.4944,-1.7803335,-0.59206164,2.997234,0.01056943,14.708289
4/15/2015,0.64,-0.1,1.167814613,243.51805,-0.36616936,-0.13718268,5.4787135,0.007933825,8.153122
4/23/2015,0.64,-0.1,-2.283665832,208.26875,-0.84541625,-0.4797506,0.032184016,0.007143485,3.1701841
5/1/2015,0.19,-1.2,-0.132587039,3.0512762,0.91061527,-0.17787148,-8.522255,0.006834439,14.51777
5/9/2015,0.19,-1.2,-2.346246455,37.207497,-1.0288913,0.33484066,2.9935582,-0.001346325,2.7469273
5/17/2015,0.19,-1.2,-1.02906834,48.835335,0.6106064,0.17076093,-0.73599863,-0.004325726,2.7635484
5/25/2015,0.19,-1.2,-0.480844247,62.66776,1.011029,0.04996848,-11.360022,-0.011772312,2.4842784
6/2/2015,0.24,-0.9,0.717591901,87.65586,0.32782578,0.05110102,-3.64435,-0.018858122,1.6779081
6/10/2015,0.24,-0.9,0.080911313,89.21788,-1.0158101,-0.49564785,2.7373886,-0.023023196,0.5601753
6/18/2015,0.24,-0.9,-0.535202473,-32.255943,-0.29183024,-0.18936579,13.82043,-0.025802858,0.16682215
6/26/2015,0.24,-0.9,-1.133550091,-139.78731,0.19294503,-0.1839708,-10.536247,-0.02468504,1.0072453
7/4/2015,-3.14,-1.9,-2.318029099,353.6166,0.59807116,-0.1692702,-9.640026,-0.019005567,1.7679118
7/12/2015,-3.14,-1.9,1.196521801,143.49982,0.84094536,0.124513365,-5.7346883,-0.016098987,0.6957612
7/20/2015,-3.14,-1.9,-0.47460419,4.4064865,-0.20028667,-0.1360478,5.4181333,-0.01872501,0.7552515
7/28/2015,-3.14,-1.9,0.117333074,58.99099,0.3202001,0.07812176,-3.85269,-0.018596008,0.8326951
8/5/2015,-1.1,-2.4,-0.868884812,-22.505754,0.21209632,0.038073137,-6.207144,-0.015573045,0.31892538
8/13/2015,-1.1,-2.4,1.00345789,194.84418,0.38960633,-0.013604395,-6.4630666,-0.013509636,0.45029938
8/21/2015,-1.1,-2.4,-1.426499256,139.7126,0.3854861,0.08000893,-3.734241,-0.006466854,0.7173294
8/29/2015,-1.1,-2.4,-0.575858937,33.17466,0.33286047,0.0310532,-8.519389,-0.005475192,0.12453182
9/6/2015,-0.49,-2.7,0.809775832,121.11741,1.0298989,0.40067437,-3.497379,-0.004250874,1.5699416
9/14/2015,-0.49,-2.7,0.320509949,77.184044,0.21934082,0.358029,8.752119,-0.00353724,2.1523852
9/22/2015,-0.49,-2.7,2.255077477,-37.063423,0.107027635,-0.026677458,-1.4250734,-0.001992566,1.9280654
9/30/2015,-0.49,-2.7,2.431653357,345.77176,0.8877424,0.54767096,1.193387,-0.002008084,6.4151993
10/8/2015,0.99,-2.8,-0.290598543,178.74419,0.7844338,0.96824855,-1.6649123,-0.001949234,122.543816
10/16/2015,0.99,-2.8,0.499140278,242.49855,0.43154478,1.0488564,-9.902971,-0.002094074,10.586472
10/24/2015,0.99,-2.8,-0.144429059,5.285794,-0.15661046,0.572194,10.534575,-0.005119522,13.367212
11/1/2015,1.7,-0.8,1.686852845,136.81358,-0.5107933,0.43291095,7.833762,-0.005198224,21.966255
11/9/2015,1.7,-0.8,0.533014411,-60.092636,-0.1650382,0.78178155,6.3486395,-0.002694384,9.760833
11/17/2015,1.7,-0.8,-1.619854249,31.77215,0.21458957,1.0671138,0.14415243,0.002179214,1.5759941
11/25/2015,1.7,-0.8,3.258878821,186.84782,0.008125565,1.0260465,4.894044,0.006208489,0.8348384
12/3/2015,1.99,-0.9,-5.153455174,241.9281,-0.20306425,1.0472714,7.41198,0.007005017,0.5092537
12/11/2015,1.99,-0.9,-2.025072403,-268.167,-0.15244874,-0.5427173,-0.25962675,0.005115002,0.3784006
12/19/2015,1.99,-0.9,-6.471795105,-122.02304,0.19034813,-0.2841555,-6.007111,-0.000314381,1.241667
12/27/2015,1.99,-0.9,1.192551402,589.4309,0.6817823,1.1463444,-1.7789624,-0.003206307,1.4111409
1/1/2016,-0.37,-3.6,-4.190514204,388.17606,0.80945265,1.4034301,-5.5794163,-0.004770504,2.437751
1/9/2016,-0.37,-3.6,0.341386382,116.851234,0.8676703,0.78929496,-4.444085,-0.005388289,3.0965705
1/17/2016,-0.37,-3.6,3.723411681,-151.31337,0.07398316,-0.2577293,-1.2563994,-0.0056431,4.8887854
1/25/2016,-0.37,-3.6,-7.357972782,59.058468,-0.22683151,0.60242903,0.44106928,-0.005303224,9.169071
2/2/2016,1.35,-3.2,3.332651656,278.2739,0.96953845,0.6422443,-4.0054717,-0.004128199,17.718737
2/10/2016,1.35,-3.2,-5.114838096,-43.441174,0.33453456,0.14648207,-2.0032566,-0.005423653,45.7065
2/18/2016,1.35,-3.2,9.09071968,488.4365,0.77399546,1.0710392,1.3734764,-0.005317491,24.313091
2/26/2016,1.35,-3.2,0.783937201,602.94684,-0.04671288,1.0239097,-2.508617,-0.007281218,23.739437
3/5/2016,0.37,-0.1,2.803201429,249.03505,-0.4766462,1.6423073,0.28950417,-0.006370208,56.32599
3/13/2016,0.37,-0.1,6.706035439,113.93591,-0.45804265,0.6299048,0.1715247,-0.001373208,44.18079
3/21/2016,0.37,-0.1,-1.014972285,174.64972,0.74622685,0.48862636,-1.6438088,0.001271693,30.689972
3/29/2016,0.37,-0.1,-0.605676894,417.5105,-0.1103982,1.0721701,0.34112665,0.003301703,66.21425
4/6/2016,0.26,-2,1.437870275,130.05229,0.34923902,0.8622015,-3.845774,0.00400371,50.028324
4/14/2016,0.26,-2,-1.652304634,265.5354,1.270564,0.6673125,-1.3490407,-0.000826318,26.576946
4/22/2016,0.26,-2,-2.645057423,-32.492516,1.4028143,0.28140697,-5.4646783,-0.004541919,41.855274
4/30/2016,0.26,-2,-0.274750278,185.5983,0.6848136,0.62020797,-7.781536,-0.006881872,27.742199
5/8/2016,-0.67,0.7,-1.111864431,373.25687,0.8387553,1.0708963,-2.7670417,-0.008194231,7.005417
5/16/2016,-0.67,0.7,-0.851257002,80.06061,0.86240894,0.6303523,11.197872,-0.009808445,1.5454739
5/24/2016,-0.67,0.7,-1.236784947,-82.220604,-0.58277285,0.09244672,-5.690101,-0.013249987,3.8027952
6/1/2016,-0.13,1.1,-0.692392337,173.84323,1.1561937,0.41688862,-5.083523,-0.013015564,1.7087436
6/9/2016,-0.13,1.1,-0.305764223,135.95018,0.8566704,0.51102906,-7.9641595,-0.015096318,0.08933254
6/17/2016,-0.13,1.1,0.296922564,-7.5194554,-0.24835841,0.35319895,3.763817,-0.019270971,0.862989
6/25/2016,-0.13,1.1,1.389020844,162.43071,0.2049345,0.43907413,12.87144,-0.02091464,1.7488846
7/3/2016,-1.72,0.7,-1.384187797,76.6239,-0.4872037,0.0660721,7.505225,-0.021588901,0.2639445
7/11/2016,-1.72,0.7,0.033487443,45.41356,-0.22892618,-0.08431458,-4.497816,-0.016893566,0.20329121
7/19/2016,-1.72,0.7,-0.196202698,82.56039,0.42909113,-0.025079262,-3.25848,-0.007479832,0.8861836
7/27/2016,-1.72,0.7,-1.531971271,225.41397,-0.24520348,-0.05727255,2.3675997,-0.003693266,0.58217233
8/4/2016,-2.24,1.2,0.125913361,18.782331,-0.28263584,-0.030346086,-0.16663502,-0.001675286,0.73339665
8/12/2016,-2.24,1.2,0.725288342,178.09842,0.27602023,0.14516123,-12.662196,0.002101933,0.6450297
8/20/2016,-2.24,1.2,1.909148505,27.242527,-0.22555928,0.21792127,-4.837106,0.003369102,0.46766263
8/28/2016,-2.24,1.2,1.576014019,186.14442,-0.42589658,-0.16966978,2.9903722,0.007138333,1.0022416
9/5/2016,0.74,2,-0.249518637,104.597046,0.51121086,0.042512618,-12.762198,0.015301885,0.22901474
9/13/2016,0.74,2,-0.039716479,10.808535,0.53115594,0.45600775,-1.7531086,0.014478028,3.167367
9/21/2016,0.74,2,-0.65612581,147.51607,0.30180493,0.23854396,1.1379685,0.016674226,10.277946
9/29/2016,0.74,2,-0.573091219,10.588487,-0.4571588,0.35861546,-4.7048073,0.014756665,8.740722
10/7/2016,0.96,-0.4,2.059177506,62.086334,-0.14337753,0.2269121,-1.1871217,0.01098736,116.093765
10/15/2016,0.96,-0.4,0.655467078,148.6461,0.5304936,0.21263927,-5.727727,0.010890357,15.474607
10/23/2016,0.96,-0.4,0.463553407,-81.0285,0.5246138,0.16198547,-8.199763,0.004024899,12.174429
10/31/2016,0.96,-0.4,-0.898730385,247.64484,0.54127854,0.48178393,3.9899185,-0.001088946,24.659027
11/8/2016,-0.31,-0.2,0.525254927,253.13347,0.7584297,0.29961225,-10.702193,-0.002834467,6.141051
11/16/2016,-0.31,-0.2,3.261360059,99.349945,0.2016447,0.5322539,-5.979672,-0.003856018,3.1402495
11/24/2016,-0.31,-0.2,2.74751583,17.854643,0.24810444,0.44744423,-4.0279202,-0.003173316,1.1087017
12/2/2016,0.35,0.5,-0.313596651,362.2764,0.15591761,1.2038924,5.6100082,-0.003710733,0.97562695
12/10/2016,0.35,0.5,4.245552367,-183.55185,0.36270317,1.2837303,-3.0912378,-0.005390053,0.8748068
12/18/2016,0.35,0.5,-2.76524392,316.85052,0.2801771,1.5778803,-3.6470516,-0.003594062,0.7364979
12/26/2016,0.35,0.5,-3.594903201,307.1489,0.24471875,1.8057356,-0.45300892,-0.0059986,0.2903119
1/1/2017,0.05,0.3,-5.227085467,34.621292,-0.003035393,0.8901135,6.027419,-0.005788701,1.1721601
1/9/2017,0.05,0.3,-3.286634796,-326.99905,0.21552677,-0.82339126,-1.5453066,-0.00447032,0.9926145
1/17/2017,0.05,0.3,2.694128341,-117.46874,-0.21450733,0.44095725,8.357377,-0.004064161,2.3698683
1/25/2017,0.05,0.3,4.540332404,379.39444,-0.5541987,1.0284551,5.2548127,0.000544479,17.387814
2/2/2017,0.69,-0.1,-5.190825496,351.82318,0.09419661,0.37269878,-0.27523538,0.00626653,25.782673
2/10/2017,0.69,-0.1,1.07206671,30.407541,0.44285408,0.44474998,-1.4690171,0.008738044,73.230804
2/18/2017,0.69,-0.1,2.02084621,642.0838,0.25162938,0.1552284,1.7857568,0.009593472,55.655636
2/26/2017,0.69,-0.1,2.693828472,-16.668499,0.2552047,-0.15530972,3.312522,0.008045276,47.069977
3/6/2017,0.37,1.5,1.210736968,-256.6371,-0.8816519,-0.8117155,2.8879035,0.005804871,41.769966
3/14/2017,0.37,1.5,2.115845698,-127.22185,-0.42226493,-1.1487383,-0.050389044,0.005969668,25.449196
3/22/2017,0.37,1.5,1.295552081,228.9213,0.12194238,0.2661979,-0.7392309,0.005540999,79.244316
3/30/2017,0.37,1.5,0.979550831,508.5614,0.096784376,0.5310431,3.9897425,0.006519822,59.522003
4/7/2017,1.74,-0.3,2.483743322,32.998707,1.586146,-0.25638923,0.9774696,0.007131066,41.580166
4/15/2017,1.74,-0.3,0.413540625,144.93475,1.0917137,0.5360562,2.2790318,0.000943266,13.634788
4/23/2017,1.74,-0.3,2.312935658,42.970688,-0.57222015,-0.16307075,-2.988603,-0.001391567,27.16056
5/1/2017,-1.72,0.4,0.298205862,12.343289,0.79642063,-0.21727158,-7.803332,-0.004894967,30.28027
5/9/2017,-1.72,0.4,0.415463689,169.73846,0.45321965,0.62891865,-0.39426172,-0.007440893,5.568665
5/17/2017,-1.72,0.4,-1.307758126,14.275514,0.38450998,0.6424942,-1.4551765,-0.007213104,1.7685808
5/25/2017,-1.72,0.4,-2.276404409,235.81851,0.352025,0.4643806,8.296415,-0.010791056,1.7819625
6/2/2017,0.35,-0.7,-1.299528894,88.88374,-0.3192949,-0.38786766,2.1678762,-0.012120602,0.34413293
6/10/2017,0.35,-0.7,0.128026109,-80.01093,0.31792155,0.027095642,-4.2751336,-0.016504671,0.06916359
6/18/2017,0.35,-0.7,-1.811200401,172.25333,-0.03402328,0.05438453,-3.250043,-0.018446721,0.039371062
6/26/2017,0.35,-0.7,-0.925807822,122.40591,-0.7679164,-0.24977376,5.697569,-0.019045519,0.03145403
7/4/2017,1.28,1.3,-0.259256277,-12.031784,0.36514264,-0.057578973,-2.1370566,-0.014451452,0.895706
7/12/2017,1.28,1.3,-1.087784564,78.07278,-0.70666367,-0.111156896,5.8142867,-0.013332148,0.16659991
7/20/2017,1.28,1.3,0.221563772,-14.410105,-0.39970124,-0.20480083,3.0082583,-0.005021127,0.155473
7/28/2017,1.28,1.3,0.171876103,273.0425,0.18373005,0.24616581,-14.012784,0.001007169,0.006132622
8/5/2017,-1.53,0.9,1.498434387,95.36673,0.38077465,0.17140749,-0.216567,0.001574636,0.018239787
8/13/2017,-1.53,0.9,0.746339118,117.50715,0.10532976,0.1745673,-0.13244839,0.00482527,0.00934915
8/21/2017,-1.53,0.9,-0.346111194,-80.882835,-0.38416094,0.008459277,6.2469063,0.005476141,0.014056061
8/29/2017,-1.53,0.9,1.334571122,-50.630867,-0.033624597,-0.0903559,-2.665645,0.006307052,0.06193555
9/6/2017,-0.45,1,1.150912624,82.26231,0.33392513,0.2503879,-2.66781,0.012823181,0.259212
9/14/2017,-0.45,1,1.131649066,44.38543,0.42597994,0.32506076,5.407393,0.012815782,2.17953
9/22/2017,-0.45,1,2.170751917,-23.358755,0.35516265,0.5344551,-0.19827712,0.013733867,7.1938357
9/30/2017,-0.45,1,0.057090449,229.44603,0.24579461,0.35683125,-1.7184169,0.00999225,17.633713
10/8/2017,0.71,1.5,0.490582865,18.000648,0.23596665,0.7754302,7.156925,0.005909552,39.418873
10/16/2017,0.71,1.5,-2.277171654,-10.656108,0.4924056,0.69590855,2.0329235,0.009090813,12.725308
10/24/2017,0.71,1.5,-1.690769964,198.40863,0.62721795,0.6393279,-7.8500223,0.007392377,9.9365835
11/1/2017,-0.14,1.5,-0.047253362,135.2148,0.5228228,0.66442156,-5.3046174,0.00360269,25.97404
11/9/2017,-0.14,1.5,-0.683898803,-80.83878,0.11108333,0.6168115,3.1902068,-0.000733772,12.697891
11/17/2017,-0.14,1.5,5.790474824,-184.402,0.08066882,0.041980322,-4.8072658,-0.002583643,10.70757
11/25/2017,-0.14,1.5,-1.24099566,96.26921,0.19839682,-0.15827744,8.43234,-0.003330899,1.0983893
12/3/2017,0.73,-0.2,7.314935782,-38.141605,-0.004944271,-0.08391321,5.854897,-0.002937746,0.86832315
12/11/2017,0.73,-0.2,6.240967697,-115.185165,-0.22479683,0.36266947,-5.697431,-0.002174334,0.38670588
12/19/2017,0.73,-0.2,8.208851045,410.2708,0.4644612,0.972779,-4.743513,-0.002707568,0.5914592
12/27/2017,0.73,-0.2,-1.358567303,193.94543,0.37321287,0.5860833,-1.1237022,-0.004666157,0.23185891
1/1/2018,1.17,1.8,-0.81171061,-284.72318,0.27663195,-0.08841511,0.681178,-0.004782856,1.9295348
1/9/2018,1.17,1.8,6.401768815,236.953,0.13640799,0.79247516,-3.5519254,-0.00398855,2.5739734
1/17/2018,1.17,1.8,2.078465194,-4.4615655,0.41633618,0.98288137,-1.7011275,-0.005307483,3.0149238
1/25/2018,1.17,1.8,-2.684255131,-105.99884,0.024482643,0.478457,-0.28343397,-0.006945685,3.9120789
2/2/2018,1.34,-0.8,3.116174563,43.118343,0.13801369,0.27107438,-0.26561454,-0.00805702,17.143934
2/10/2018,1.34,-0.8,7.916877639,-201.23238,-0.34034547,0.52335477,-1.5055522,-0.008044603,70.666756
2/18/2018,1.34,-0.8,-0.951229008,73.787,0.2971708,0.75848186,0.35895988,-0.005303081,46.55093
2/26/2018,1.34,-0.8,-0.632543446,153.84666,0.22752064,1.4664962,0.73564255,-0.002794768,66.402626
3/6/2018,-1.38,2.4,2.694423467,106.86993,1.0453122,0.9137448,0.051469453,0.001874093,49.61384
3/14/2018,-1.38,2.4,-1.078000898,4.2393284,-0.28766114,0.26599154,-0.59715545,0.000245496,35.986156
3/22/2018,-1.38,2.4,3.41824852,-74.80872,1.2832167,0.79838943,-3.3235428,-0.00093863,36.26682
3/30/2018,-1.38,2.4,0.972634467,309.49203,0.35913146,0.7955131,-1.8762571,-0.004589602,36.50013
4/7/2018,1.2,0.8,-0.563583711,178.99374,-1.1982661,0.48560113,4.1335106,-0.009516283,37.015648
4/15/2018,1.2,0.8,0.467190185,91.45374,-0.39487997,-0.10190937,-1.1696415,-0.007126804,17.59777
4/23/2018,1.2,0.8,-0.004819445,186.1812,0.94522685,0.3839415,-2.510649,-0.006078092,11.861049
5/1/2018,2.02,0.6,-1.160211618,175.99333,-0.528728,0.07291753,2.0151908,-0.005477548,27.3544
5/9/2018,2.02,0.6,-0.230785357,135.81136,-0.39453602,-0.04907132,0.4002595,-0.00431122,8.307042
5/17/2018,2.02,0.6,1.046304231,-108.04971,0.36803097,0.106166236,0.6571149,-0.005348361,9.178113
5/25/2018,2.02,0.6,1.651972827,68.68562,1.0031892,0.24250516,9.948807,-0.00886827,2.2468429
6/2/2018,1.41,-0.2,-1.519648345,197.8097,0.1744452,0.42684516,9.730936,-0.011587179,0.31167537
6/10/2018,1.41,-0.2,0.372520414,-133.72667,-0.07447267,0.07638127,-2.7983022,-0.016165568,0.10388588
6/18/2018,1.41,-0.2,-0.69202315,-55.28593,0.75449747,0.48795524,-8.858675,-0.019264352,0.01790988
6/26/2018,1.41,-0.2,0.788846398,-111.26682,-0.50722504,-0.064485185,2.112409,-0.020547966,0.077318065
7/4/2018,1.42,0.4,0.851357006,-140.3231,0.5231074,0.09039064,-0.100097835,-0.015474208,0.06314241
7/12/2018,1.42,0.4,-0.986769713,-59.315018,0.4561404,0.19463722,6.9161854,-0.014028143,0.067343205
7/20/2018,1.42,0.4,-0.500451608,71.531105,0.38457933,-0.013945978,-7.878977,-0.003917824,0.040081102
7/28/2018,1.42,0.4,0.468021588,36.889275,-0.13458413,-0.40707967,-9.252766,0.006481503,0.18458094
8/5/2018,2.4,-0.5,-1.556806946,166.87914,0.32909533,0.008036894,-2.1379185,0.007754421,0.500769
8/13/2018,2.4,-0.5,-1.787717063,-61.203613,0.07754062,0.04919047,7.1723537,0.011375841,0.20203695
8/21/2018,2.4,-0.5,-0.412428041,65.73116,-0.4089696,-0.25102973,0.8827002,0.013512041,0.073129356
8/29/2018,2.4,-0.5,-0.578074338,33.05415,-0.19585544,-0.13974181,-6.3566313,0.01684772,0.23522434
9/6/2018,1.78,-1.5,1.823773265,25.05262,0.9371468,0.17159775,-17.122467,0.020992557,0.2297144
9/14/2018,1.78,-1.5,-0.118323057,9.254822,0.5567838,-0.5000729,-4.317565,0.021831242,0.42011324
9/22/2018,1.78,-1.5,1.785656759,230.63205,0.25221112,0.12144206,-9.071972,0.018178314,1.5620791
9/30/2018,1.78,-1.5,1.699508834,91.92882,0.5613257,-0.21689148,5.5493393,0.015171642,70.75607
10/8/2018,1.53,0.6,1.427174171,-243.04066,-0.12420248,-1.3040916,7.452368,0.008760927,11.665692
10/16/2018,1.53,0.6,2.288754255,-61.874256,0.27563435,-0.84697515,-7.9317393,0.003506668,31.82745
10/24/2018,1.53,0.6,0.529051822,-139.4668,0.4118084,-0.040505186,-4.479662,-0.001861898,22.34274
11/1/2018,-0.25,-0.1,-0.984100185,29.625696,0.18985648,-0.82493615,-4.83635,-0.005799093,27.266302
11/9/2018,-0.25,-0.1,-1.697088126,-246.87337,-0.12381942,-0.19822659,-0.044669952,-0.00479626,14.624225
11/17/2018,-0.25,-0.1,-1.150887238,-96.64007,-0.050836436,-0.120407104,-0.9010929,-0.004833514,4.7273045
11/25/2018,-0.25,-0.1,-1.111907389,382.11462,0.23519999,0.24998078,-6.875082,-0.002991351,2.5572937
12/3/2018,0.48,1.7,1.211193186,44.68902,-0.26195252,-0.079806365,-0.59474456,-0.003605358,0.91478086
12/11/2018,0.48,1.7,-0.165986264,-342.8312,-0.13226654,-0.49505758,9.771526,-0.005805073,0.83699244
12/19/2018,0.48,1.7,-1.242410203,246.09798,-0.5012359,-0.4360566,-1.5571765,-0.005778557,0.3535161
12/27/2018,0.48,1.7,-1.690131593,-273.32825,0.49188432,-0.7638584,-1.6151463,-0.007498148,0.55999804
1/1/2019,0.18,-0.1,-0.795724824,223.26227,0.50128794,-0.04662197,-0.4646716,-0.008536692,1.8172816
1/9/2019,0.18,-0.1,-6.858288209,70.55809,0.01714771,-0.17461932,-2.2057605,-0.006764324,1.5555704
1/17/2019,0.18,-0.1,-3.486099716,28.55723,0.039864928,-0.07235233,1.2397274,-0.005856848,1.4183724
1/25/2019,0.18,-0.1,4.352974225,-17.158792,-0.14407583,-0.5850061,-0.13113326,-0.00668915,14.672561
2/2/2019,-0.11,-2.3,-0.35413749,-25.835548,-0.6831912,-0.39367238,3.3246539,-0.002275023,27.339771
2/10/2019,-0.11,-2.3,-0.540299821,261.73227,-0.7201048,-0.40621883,1.8161505,2.33E-06,46.356174
2/18/2019,-0.11,-2.3,-4.62767994,-408.56113,-0.86189467,-0.86234564,1.375172,0.006799187,28.147614
2/26/2019,-0.11,-2.3,0.753237769,-532.1589,-1.4303745,-1.6178206,3.498976,0.00944204,44.79859
3/6/2019,0.89,-0.5,-3.057381348,-123.85746,-0.9621607,-1.4926226,-3.3103752,0.011723141,33.638042
3/14/2019,0.89,-0.5,5.126451659,259.876,-0.7008949,-1.0065117,-1.7870559,0.010527863,49.277813
3/22/2019,0.89,-0.5,1.708144213,103.64389,-0.38230175,-0.72574604,-2.7120044,0.003783876,32.268776
3/30/2019,0.89,-0.5,-1.494859115,272.25504,0.68534666,0.12238858,-3.099887,0.00258585,31.333736
4/7/2019,0.36,0.2,0.870770081,123.74552,-0.38101858,0.2883087,-2.064208,-0.006562532,37.84431
4/15/2019,0.36,0.2,2.167102167,188.30768,-1.01899,-0.2546094,-0.63543195,-0.006028148,56.190254
4/23/2019,0.36,0.2,-1.019610345,230.20348,0.46708417,0.26357293,3.6256256,-0.004463693,19.473925
5/1/2019,-2.38,-0.7,2.251701654,-67.48624,0.50217086,-0.25712785,-0.82988006,-0.007012917,21.018343
5/9/2019,-2.38,-0.7,2.09614977,52.988373,0.03216748,-0.20003037,-11.959925,-0.012618501,12.61307
5/17/2019,-2.38,-0.7,3.131495896,-2.982222,-0.29593453,-0.040543273,-15.584792,-0.019763803,6.107395
5/25/2019,-2.38,-0.7,0.597040959,81.25245,1.4818434,0.20740765,-11.57066,-0.025532858,4.8380017
6/2/2019,-0.79,-0.7,-1.309743116,109.08535,1.3729565,0.5685435,-1.4097743,-0.030725827,2.0335228
6/10/2019,-0.79,-0.7,0.817768794,-23.474207,1.3993342,0.3561473,0.46687216,-0.033701047,0.64660615
6/18/2019,-0.79,-0.7,-0.889265834,-22.708368,-0.14082341,0.18379131,-6.3657107,-0.038114913,3.3106422
6/26/2019,-0.79,-0.7,-0.329363602,158.40176,0.8624693,0.32868004,-4.916458,-0.03722433,0.26204497
7/4/2019,-1.39,-0.6,-1.639322694,181.55614,0.19774054,0.017644249,5.372432,-0.035836022,0.15660478
7/12/2019,-1.39,-0.6,-0.470062367,195.917,1.0642309,0.13269673,-3.3631563,-0.026684828,15.400207
7/20/2019,-1.39,-0.6,-0.146635813,166.77568,0.8948794,0.37307477,3.0143652,-0.021605633,1.4363701
7/28/2019,-1.39,-0.6,-0.475268643,106.83638,0.41165352,0.23109387,2.9336627,-0.01881324,0.67817837
8/5/2019,-1.62,-0.2,-2.901246464,3.9255211,0.16766171,0.10388234,17.018036,-0.013315327,0.075508796
8/13/2019,-1.62,-0.2,-0.174939643,180.3357,-0.22415023,0.026195768,-1.4476265,-0.013243326,0.41130534
8/21/2019,-1.62,-0.2,0.840461455,81.51454,0.10380839,0.20875844,6.664225,-0.003870893,0.36731336
8/29/2019,-1.62,-0.2,0.899794292,170.84227,-0.11651968,0.5527768,9.972111,-0.000982977,0.072077684
9/6/2019,-0.01,-1.9,-1.32228111,8.61391,-0.25911728,0.36092412,6.527725,0.002454483,0.43708196
9/14/2019,-0.01,-1.9,-0.972156349,225.32135,0.035105422,0.11079898,1.9809531,0.005153109,1.0874457
9/22/2019,-0.01,-1.9,-1.890507695,286.02957,-0.1963124,0.19084312,13.292295,0.002508407,3.253286
9/30/2019,-0.01,-1.9,-0.011569278,61.054077,-1.2885416,0.17708813,-4.587964,0.006821607,4.7850714
10/8/2019,-1.03,-0.6,-0.235551176,38.852932,-0.45568618,0.11671812,-1.8391963,0.011448769,85.0242
10/16/2019,-1.03,-0.6,1.233615268,216.59573,-0.8566236,0.18438414,20.833084,0.014046172,21.729553
10/24/2019,-1.03,-0.6,1.712779484,-138.5771,-1.1402385,0.44311494,13.660303,0.017012646,21.04256
11/1/2019,0.16,-1.4,0.967275048,-21.566048,-1.2521739,0.37422705,5.1356416,0.015056132,14.815806
11/9/2019,0.16,-1.4,4.700761406,1.836608,-0.79058486,0.23837908,-5.4067793,0.012021886,23.469395
11/17/2019,0.16,-1.4,1.307031608,172.09288,-1.2263637,0.508084,-3.558935,0.011664666,6.357802
11/25/2019,0.16,-1.4,1.669804269,-28.804886,-0.9225184,-0.16883309,8.53411,0.012908286,3.3657115
12/3/2019,1.02,-0.9,0.596493803,46.51877,-0.39987358,-0.8284138,1.9995689,0.010798887,1.7778922
12/11/2019,1.02,-0.9,-0.922905791,-345.43472,-1.0982774,-0.1990049,-1.6256462,0.00771421,4.7604275
12/19/2019,1.02,-0.9,-0.067365759,53.11792,-1.0535674,-0.5051416,5.424351,0.009911559,3.6978936
12/27/2019,1.02,-0.9,-6.821436311,-120.46153,-1.0964324,-0.82852435,-2.5657902,0.007304106,1.2097645
1/1/2020,1.05,0.3,-2.725998792,-52.53285,-1.3191421,0.11611059,3.7480855,0.006341785,6.6919065
1/9/2020,1.05,0.3,-0.603962343,-218.47763,-0.82809305,-0.5717795,1.3507942,0.012576303,22.178858
1/17/2020,1.05,0.3,4.114755264,79.556725,-0.9501154,-0.6540557,0.055370566,0.012836566,18.339287
1/25/2020,1.05,0.3,-6.331937367,27.512419,-0.37543583,-0.81933403,-3.2628298,0.014516405,10.9703665
2/2/2020,0.98,-0.1,-2.405097272,88.19531,-0.23730128,-1.1327368,-2.4776886,0.017282872,20.493202
2/10/2020,0.98,-0.1,-4.824412569,262.78452,-0.1424244,-0.11427696,-0.2403881,0.013243737,29.74653
2/18/2020,0.98,-0.1,-4.071451866,435.45306,-0.2322466,0.10380848,-1.0201372,0.006105585,46.1924
2/26/2020,0.98,-0.1,-1.157779474,373.3138,-0.7898568,0.17526948,-1.7988455,0.003837399,51.716446
3/5/2020,0.66,-0.2,1.208320724,-200.9746,-1.2286063,-0.7062254,1.1402832,0.004475797,56.17091
3/13/2020,0.66,-0.2,0.286533721,340.70392,-0.85726947,-0.50465566,-1.5507995,0.007385181,44.745075
3/21/2020,0.66,-0.2,-2.584388706,28.08895,-2.046765,-0.52783746,0.6341094,0.010899607,67.38546
3/29/2020,0.66,-0.2,4.329441375,62.86454,-0.9528766,-0.64494467,-3.0411987,0.015393458,38.909336
4/6/2020,-1.26,0.3,0.891088758,133.77675,-0.57991683,-0.4838376,-4.9169493,0.012602266,24.30382
4/14/2020,-1.26,0.3,-0.439358891,326.77078,-0.96380377,0.006915997,0.06253029,0.01093967,27.631397
4/22/2020,-1.26,0.3,-2.487966307,0.023767965,-2.3101084,-0.6835938,5.8961563,0.012596306,27.586733
4/30/2020,-1.26,0.3,-2.090163973,259.80115,-1.1451064,-0.028293665,-1.4905723,0.010055166,29.434374
5/8/2020,-0.33,0.7,-2.475859287,150.95776,-0.93508136,-0.46058238,-0.5908548,0.011781989,5.7856255
5/16/2020,-0.33,0.7,1.854446475,-29.765686,0.10755259,-0.26233408,3.5636199,0.003066979,4.2854667
5/24/2020,-0.33,0.7,1.887250845,295.2484,0.49153668,-0.14998914,-2.7450044,-0.007360227,0.2932026
6/1/2020,0.16,-0.6,-0.403746775,156.2425,-1.6014779,-0.6056644,2.1809375,-0.016368518,0.7328699
6/9/2020,0.16,-0.6,0.449413835,104.12868,-0.36178297,-0.003294056,0.34083745,-0.016499676,1.2254485
6/17/2020,0.16,-0.6,0.176974148,14.485068,0.22940913,0.324218,-2.6205602,-0.01353797,0.5388993
6/25/2020,0.16,-0.6,-1.459456489,113.7679,0.20074865,0.33012238,2.2618134,-0.00993498,0.42683974
7/3/2020,-1.19,0.7,-1.351587478,127.70049,0.17174613,0.34710538,7.08871,-0.008788391,0.5942331
7/11/2020,-1.19,0.7,0.465710089,-28.662958,0.13213217,0.48876303,5.670667,-0.006269631,1.3698385
7/19/2020,-1.19,0.7,-1.635245458,119.00233,0.50452536,0.3123582,0.19826402,0.001086588,0.27515748
7/27/2020,-1.19,0.7,-0.162725088,209.96275,0.87281543,0.842562,7.9429135,0.009295762,0.09889434
8/4/2020,0.03,1.8,-0.221178125,-267.70053,0.2764583,0.5561303,16.002733,0.013651361,1.3932825
8/12/2020,0.03,1.8,-2.123550645,146.76704,0.51932406,0.40427688,4.998013,0.021065142,0.24446492
8/20/2020,0.03,1.8,-1.880062923,-13.57012,0.072049186,0.27498117,0.6391806,0.025291156,0.7105853
8/28/2020,0.03,1.8,0.142022302,-48.60426,-0.011675029,0.26568693,-7.4326878,0.029833617,0.17068729
9/5/2020,1.11,1.5,1.413903242,92.27647,0.592099,0.7539292,5.8016143,0.030861704,6.177862
9/13/2020,1.11,1.5,1.156217788,185.52351,0.4695205,0.67673105,10.214843,0.027590519,0.58537775
9/21/2020,1.11,1.5,-0.077116648,-8.6677885,0.2100212,0.26954257,6.7806463,0.023936765,3.5725095
9/29/2020,1.11,1.5,3.795343323,-175.1323,0.47475815,0.12334161,-4.492894,0.023645815,6.062982
10/7/2020,-0.2,0.8,0.529389348,107.661606,0.45435086,0.66836596,3.800768,0.020270068,92.18697
10/15/2020,-0.2,0.8,2.349255185,-36.29994,0.17733581,0.7379221,4.4355187,0.016643483,17.036419
10/23/2020,-0.2,0.8,2.009823598,-221.08754,0.15828721,0.59306884,-4.8252974,0.015119397,29.74301
10/31/2020,-0.2,0.8,4.60147059,74.823586,0.9391835,0.572018,-9.787968,0.009433043,15.300987
11/8/2020,2.54,1.1,0.494114201,355.7648,0.64093167,0.9361659,-0.45725456,0.006983244,7.457485
11/16/2020,2.54,1.1,-1.393596837,-98.85748,-0.46227705,-0.28342506,8.269785,0.007198778,5.288618
11/24/2020,2.54,1.1,2.176569089,-229.59921,-0.28160563,-0.09613556,3.0762913,0.007174194,3.1724536
12/2/2020,-0.37,3,-2.814371044,98.47203,-0.26093373,0.45231572,3.1633778,0.00889087,0.9446547
12/10/2020,-0.37,3,5.797575573,-154.68137,-0.49678767,-0.14867692,0.34580982,0.011315459,0.18105377
